,divMin,divProd,instanceNum,jacInd,num1,num2,numCommon,num_codonors,str1,str2
0,0.04100295,9.09E-08,3,0.017910063,339000,451000,13900,740,MARIA CANTWELL,ROBERT MENENDEZ
1,0.005149701,3.60E-08,3,0.0005388,143000,16700,86,742,DONNA EDWARDS,JOE MIKLOSI
2,0.002325581,1.70E-08,3,0.000419086,30100,137000,70,742,JOHN OCEGUERA,MAZIE HIRONO
3,0.054046997,1.33E-07,3,0.026977714,383000,405000,20700,743,RAUL RUIZ,LOUISE SLAUGHTER
4,0.037430168,5.28E-08,3,0.012718299,709000,358000,13400,744,G. FOSTER,MARTIN HEINRICH
5,0.072413793,9.55E-07,3,0.001092669,75800,1160,84,745,RAUL GRIJALVA,AMERISH BERA
6,0.047619048,1.12E-06,3,0.019886364,29400,42400,1400,746,ANN KUSTER,BRADLEY SCHNEIDER
7,0.032755906,1.96E-08,3,0.014352746,1670000,1270000,41600,746,BILL NELSON,PATRICK MURPHY
8,0.037028825,7.44E-08,3,0.017912689,498000,451000,16700,746,DEBBIE STABENOW,ROBERT MENENDEZ
9,0.000557692,5.21E-09,3,0.000274957,107000,104000,58,748,ROB ZERBAN,SEAN MALONEY
10,0.018145695,5.07E-08,3,0.000734927,358000,15100,274,748,MARTIN HEINRICH,CHRISTIE VILSACK
11,0.00022449,3.17E-10,3,7.32E-05,709000,343000,77,749,G. FOSTER,ALAN GRAYSON
12,0.000336323,2.34E-08,3,0.000128661,14400,8920,3,750,ROBERT KERREY,WILLIAM ENYART
13,0.000321078,4.53E-10,3,0.000117292,709000,408000,131,751,G. FOSTER,JON TESTER
14,0.002151786,8.03E-10,3,8.63E-05,2680000,112000,241,752,JOSE HERNANDEZ,CHERI BUSTOS
15,0.455847255,1.27E-06,3,0.050157563,41900,358000,19100,752,BENJAMIN CARDIN,ELIZABETH WARREN
16,0.368131868,9.46E-07,3,0.075027996,389000,91000,33500,752,HEIDI HEITKAMP,JULIA BROWNLEY
17,0.002538462,9.47E-10,3,0.000128603,143000,2680000,363,753,DONNA EDWARDS,JOSE HERNANDEZ
18,0.397959184,2.41E-06,3,0.064039409,29400,165000,11700,753,ANN KUSTER,KYRSTEN SINEMA
19,0.241062308,1.76E-06,3,0.016340096,137000,9790,2360,754,MAZIE HIRONO,DANIEL MAFFEI
20,0.005736041,1.33E-08,3,0.000887409,78800,431000,452,755,RICHARD NOLAN,JOE GARCIA
21,0.010666667,7.16E-08,3,0.000795664,12000,149000,128,756,SHELLI YODER,LOIS FRANKEL
22,0.003611111,9.43E-09,3,0.000130868,383000,14400,52,756,RAUL RUIZ,ROBERT KERREY
23,0.065014577,1.51E-07,3,0.02966609,431000,343000,22300,756,JOE GARCIA,ALAN GRAYSON
24,0.287912088,8.04E-07,3,0.061967833,358000,91000,26200,756,MARTIN HEINRICH,JULIA BROWNLEY
25,4.98E-05,1.28E-10,3,4.66E-06,389000,40200,2,757,HEIDI HEITKAMP,RONALD BARBER
26,0.000454545,7.11E-09,3,9.82E-05,63900,17600,8,757,L. DUCKWORTH,ERNEST POWELL
27,0.010594059,6.92E-09,0,0.001237094,1530000,202000,2140,761,LOUISE SLAUGHTER,JAMES GRAVES
28,0.002659341,4.59E-09,0,0.000635574,580000,182000,484,761,AMY KLOBUCHAR,RICHARD CARMONA
29,0.001787129,7.29E-09,0,0.000808259,245000,202000,361,762,MARIA CANTWELL,JAMES GRAVES
30,1.56E-05,6.89E-11,0,3.44E-06,63900,227000,1,763,L. DUCKWORTH,RICHARD NOLAN
31,0.324917673,2.80E-06,0,0.166760563,116000,91100,29600,764,ANN KIRKPATRICK,JULIA BROWNLEY
32,0.114439946,1.26E-06,0,0.054109239,74100,91100,8480,766,CAROL SHEA-PORTER,JULIA BROWNLEY
33,0.122222222,1.12E-06,0,0.047307529,63900,109000,7810,766,L. DUCKWORTH,SEAN MALONEY
34,0.113062569,1.03E-06,0,0.053983229,91100,110000,10300,767,JULIA BROWNLEY,CHERI BUSTOS
35,0.003282443,1.57E-07,0,0.001266307,20900,13100,43,768,KATHLEEN HOCHUL,CHRISTIE VILSACK
36,0.030212766,5.21E-08,0,0.000717566,580000,14100,426,768,AMY KLOBUCHAR,MANAN TRIVEDI
37,0.061756757,6.60E-08,0,0.008503433,148000,936000,9140,769,DIANNE FEINSTEIN,PATRICK MURPHY
38,0.003690476,1.04E-08,0,0.000166337,356000,16800,62,770,SHELDON WHITEHOUSE,JOE MIKLOSI
39,0.045117845,8.32E-09,0,0.002349393,5420000,297000,13400,770,NANCY PELOSI,MARTIN HEINRICH
40,0.004692308,2.32E-08,0,0.000283801,202000,13000,61,770,JAMES GRAVES,ROBERT KERREY
41,0.020395421,1.87E-07,0,0.009648518,96100,109000,1960,770,SHELLEY BERKLEY,SEAN MALONEY
42,0.120309051,1.10E-06,0,0.057763646,90600,109000,10900,770,MARK TAKANO,SEAN MALONEY
43,4.12E-05,5.55E-10,0,1.02E-05,74100,24300,1,771,CAROL SHEA-PORTER,ERNEST POWELL
44,0.000307692,1.47E-08,0,0.000148537,19500,20900,6,773,TIMOTHY KAINE,KATHLEEN HOCHUL
45,0.00057377,6.33E-09,0,0.000230924,61000,90600,35,773,JOSEPH DONNELLY,MARK TAKANO
46,0.368693402,1.03E-06,0,0.0698872,359000,77300,28500,773,ALAN GRAYSON,SUZANNE BONAMICI
47,0.200900901,7.05E-07,0,0.007588389,11100,285000,2230,774,DANIEL MAFFEI,CHRISTOPHER MURPHY
48,0.00575,4.14E-08,0,0.001384428,139000,44000,253,775,MAZIE HIRONO,BRADLEY SCHNEIDER
49,0.152496626,4.42E-08,0,0.003216807,3450000,74100,11300,775,KEITH ELLISON,CAROL SHEA-PORTER
50,0.014609929,1.33E-07,0,0.001662712,14100,110000,206,780,MANAN TRIVEDI,CHERI BUSTOS
51,0.005830357,1.08E-09,0,0.000118054,5420000,112000,653,780,NANCY PELOSI,ROB ZERBAN
52,0.000358974,6.31E-10,0,1.19E-05,569000,19500,7,780,DAVID GILL,TIMOTHY KAINE
53,0.014168337,2.49E-08,0,0.006663965,499000,569000,7070,781,DEBBIE STABENOW,DAVID GILL
54,0.123076923,3.53E-07,0,0.004439512,13000,349000,1600,781,ROBERT KERREY,KIRSTEN GILLIBRAND
55,0.403333333,5.22E-06,0,0.12710084,30000,77300,12100,781,ANN KUSTER,SUZANNE BONAMICI
56,0.113442623,1.18E-06,0,0.0280981,96100,30500,3460,782,SHELLEY BERKLEY,JOHN OCEGUERA
57,0.007863636,2.76E-08,0,0.001052779,285000,44000,346,783,CHRISTOPHER MURPHY,BRADLEY SCHNEIDER
58,0.154198473,1.65E-07,0,0.002132872,936000,13100,2020,783,PATRICK MURPHY,CHRISTIE VILSACK
59,0.109261186,2.49E-07,1,0.02001525,96100,439000,10500,784,SHELLEY BERKLEY,ROBERT MENENDEZ
60,0.173684211,2.99E-07,1,0.006077653,20900,580000,3630,786,KATHLEEN HOCHUL,AMY KLOBUCHAR
61,0.000235294,7.84E-09,1,0.00010812,25500,30000,6,787,SALVATORE PACE,ANN KUSTER
62,0.013971631,1.15E-07,1,0.001460309,14100,121000,197,787,MANAN TRIVEDI,DONNA EDWARDS
63,0.001102941,4.86E-09,1,1.31E-05,2720,227000,3,788,PATRICK KREITLOW,RICHARD NOLAN
64,0.111931818,7.32E-08,1,0.011682382,1530000,176000,19700,789,LOUISE SLAUGHTER,BERNARD SANDERS
65,0.004939597,2.18E-08,1,0.001222055,227000,74500,368,789,RICHARD NOLAN,CLAIRE MCCASKILL
66,0.008583691,6.09E-07,1,0.000274688,14100,466,4,791,MANAN TRIVEDI,VALDEZ DEMINGS
67,0.028484848,9.37E-09,1,1.55E-05,3040000,1650,47,792,ELIZABETH WARREN,NICOLA TSONGAS
68,0.44534413,7.68E-07,1,0.053131541,580000,74100,33000,793,AMY KLOBUCHAR,CAROL SHEA-PORTER
69,0.083969466,5.67E-07,1,0.006875,148000,13100,1100,794,LOIS FRANKEL,CHRISTIE VILSACK
70,0.001356164,6.71E-09,1,0.000569289,146000,202000,198,794,RAUL GRIJALVA,JAMES GRAVES
71,4.69E-05,1.32E-10,1,7.14E-06,63900,356000,3,796,L. DUCKWORTH,SHELDON WHITEHOUSE
72,0.020784314,3.65E-08,1,0.000366156,10200,569000,212,797,SHELLI YODER,DAVID GILL
73,0.132231405,4.64E-07,1,0.034688347,285000,96800,12800,797,CHRISTOPHER MURPHY,LOIS CAPPS
74,0.008583691,4.49E-07,1,0.000204478,19100,466,4,797,WILLIAM ENYART,VALDEZ DEMINGS
75,0.0002,3.53E-10,1,1.01E-05,566000,30000,6,799,G. FOSTER,ANN KUSTER
76,0.065316456,1.13E-07,1,0.027180784,580000,395000,25800,799,AMY KLOBUCHAR,JON TESTER
77,0.221465969,7.29E-08,1,0.013265594,3040000,191000,42300,800,ELIZABETH WARREN,ELIZABETH ESTY
78,0.025572519,7.12E-08,1,0.000901107,13100,359000,335,803,CHRISTIE VILSACK,ALAN GRAYSON
79,0.012202381,1.11E-07,1,0.001619337,16800,110000,205,803,JOE MIKLOSI,CHERI BUSTOS
80,0.071142285,4.65E-08,1,0.017807876,1530000,499000,35500,807,LOUISE SLAUGHTER,DEBBIE STABENOW
81,0.003676471,3.54E-08,1,9.37E-05,2720,104000,10,810,PATRICK KREITLOW,ALAN LOWENTHAL
82,0.101923077,2.10E-07,1,0.018326418,485000,104000,10600,812,JOE GARCIA,ALAN LOWENTHAL
83,0.004123288,7.25E-09,1,0.000842668,146000,569000,602,812,RAUL GRIJALVA,DAVID GILL
84,0.012286325,3.56E-09,1,0.002628872,936000,3450000,11500,812,PATRICK MURPHY,KEITH ELLISON
85,0.022996633,6.67E-09,1,0.00182612,297000,3450000,6830,812,MARTIN HEINRICH,KEITH ELLISON
86,0.000877698,1.55E-09,1,0.00017308,566000,139000,122,812,G. FOSTER,MAZIE HIRONO
87,0.001203297,7.86E-10,1,0.000127937,1530000,182000,219,812,LOUISE SLAUGHTER,RICHARD CARMONA
88,0.018050542,3.62E-08,1,2.00E-05,554,499000,10,813,AMERISH BERA,DEBBIE STABENOW
89,0.019641026,1.12E-07,1,0.001962925,176000,19500,383,813,BERNARD SANDERS,TIMOTHY KAINE
90,0.077115385,5.21E-07,1,0.032871547,148000,104000,8020,815,LOIS FRANKEL,ALAN LOWENTHAL
91,0.034334764,1.16E-07,1,5.38E-05,466,297000,16,816,VALDEZ DEMINGS,MARTIN HEINRICH
92,0.212080537,4.83E-07,1,0.031746032,439000,74500,15800,817,ROBERT MENENDEZ,CLAIRE MCCASKILL
93,0.041747573,1.37E-08,1,0.000420249,30900,3040000,1290,818,PETE GALLEGO,ELIZABETH WARREN
94,0.000429185,6.72E-09,1,5.46E-05,9320,63900,4,822,RONALD BARBER,L. DUCKWORTH
95,0.084328358,1.85E-07,1,0.019560325,134000,455000,11300,822,DAVID CICILLINE,TAMMY BALDWIN
96,0.020348837,6.69E-09,1,0.007407407,1720000,3040000,35000,823,ALLEN WEST,ELIZABETH WARREN
97,0.008583691,1.41E-07,1,6.51E-05,466,61000,4,823,VALDEZ DEMINGS,JOSEPH DONNELLY
98,0.027791411,9.14E-09,1,0.00014824,3040000,16300,453,825,ELIZABETH WARREN,BRANDON SHAFFER
99,0.028159509,9.26E-09,2,0.000150204,16300,3040000,459,825,BRANDON SHAFFER,ELIZABETH WARREN
100,0.025654762,2.82E-07,2,0.004010459,16800,91100,431,825,JOE MIKLOSI,JULIA BROWNLEY
101,0.075384615,3.08E-07,2,0.005588716,245000,19500,1470,826,MARIA CANTWELL,TIMOTHY KAINE
102,0.021192661,5.90E-08,2,0.004960381,109000,359000,2310,828,SEAN MALONEY,ALAN GRAYSON
103,0.003312775,8.52E-09,2,0.001222271,389000,227000,752,828,HEIDI HEITKAMP,RICHARD NOLAN
104,0.002347619,4.05E-09,2,0.000986973,420000,580000,986,829,JOSE HERNANDEZ,AMY KLOBUCHAR
105,0.122333333,1.34E-06,2,0.031252661,91100,30000,3670,831,JULIA BROWNLEY,ANN KUSTER
106,0.121374046,1.64E-06,2,0.018572597,74100,13100,1590,831,CAROL SHEA-PORTER,CHRISTIE VILSACK
107,0.054520918,1.53E-07,2,0.009482233,74100,356000,4040,831,CAROL SHEA-PORTER,SHELDON WHITEHOUSE
108,0.003766667,1.23E-07,2,0.001871264,30000,30500,113,833,ANN KUSTER,JOHN OCEGUERA
109,0.434899329,4.49E-06,2,0.233261339,96800,74500,32400,834,LOIS CAPPS,CLAIRE MCCASKILL
110,0.000905263,1.60E-09,2,0.000303265,285000,566000,258,834,CHRISTOPHER MURPHY,G. FOSTER
111,0.02768595,7.12E-08,2,0.005547276,96800,389000,2680,834,LOIS CAPPS,HEIDI HEITKAMP
112,3.10E-05,8.21E-11,2,1.35E-05,290000,378000,9,835,RICHARD MOURDOCK,THOMAS COTTON
113,0.20952381,4.77E-07,2,0.061559986,439000,168000,35200,836,ROBERT MENENDEZ,BENJAMIN CARDIN
114,0.18630137,5.23E-07,2,0.057287279,146000,356000,27200,836,RAUL GRIJALVA,RAUL RUIZ
115,0.222453222,1.29E-07,2,0.051098376,481000,1720000,107000,837,MICHELE BACHMANN,ALLEN WEST
116,0.010052356,5.71E-08,2,0.00098508,19100,176000,192,839,WILLIAM ENYART,BERNARD SANDERS
117,8.73E-05,2.22E-10,2,4.27E-05,394000,378000,33,839,RAFAEL CRUZ,THOMAS COTTON
118,0.041641026,8.34E-08,2,0.001568512,499000,19500,812,839,DEBBIE STABENOW,TIMOTHY KAINE
119,0.001807692,8.95E-09,2,0.000614757,202000,104000,188,840,JAMES GRAVES,ALAN LOWENTHAL
120,6.26E-05,3.13E-10,2,1.52E-05,200000,63900,4,840,BETTY SUTTON,L. DUCKWORTH
121,0.005821918,3.20E-08,2,0.002598197,146000,182000,850,841,RAUL GRIJALVA,RICHARD CARMONA
122,0.544966443,3.26E-06,2,0.202090592,74500,167000,40600,842,CLAIRE MCCASKILL,KYRSTEN SINEMA
123,0.002792494,1.53E-08,2,0.000928962,90600,182000,253,843,MARK TAKANO,RICHARD CARMONA
124,0.295454545,7.60E-07,2,0.030952381,44000,389000,13000,844,BRADLEY SCHNEIDER,HEIDI HEITKAMP
125,0.000703448,1.48E-09,2,0.000266738,475000,290000,204,845,STEVEN KING,RICHARD MOURDOCK
126,0.019206009,6.74E-08,2,0.000608552,285000,9320,179,845,CHRISTOPHER MURPHY,RONALD BARBER
127,2.094736842,6.07E-07,2,0.190248566,285000,3450000,597000,846,CHRISTOPHER MURPHY,KEITH ELLISON
128,0.001005,4.43E-09,2,0.000470948,200000,227000,201,846,BETTY SUTTON,RICHARD NOLAN
129,0.052647059,1.51E-07,2,0.001497227,10200,349000,537,849,SHELLI YODER,KIRSTEN GILLIBRAND
130,0.185185185,1.33E-06,2,0.028337531,24300,139000,4500,849,ERNEST POWELL,MAZIE HIRONO
131,0.004779412,2.39E-08,2,6.41E-05,200000,2720,13,851,BETTY SUTTON,PATRICK KREITLOW
132,0.024464286,1.65E-07,2,0.010650704,148000,112000,2740,852,DIANNE FEINSTEIN,ROB ZERBAN
133,0.008033708,1.61E-08,2,0.003356256,499000,356000,2860,853,DEBBIE STABENOW,RAUL RUIZ
134,1.637640449,1.75E-06,2,0.822284908,936000,356000,583000,853,PATRICK MURPHY,SHELDON WHITEHOUSE
135,0.030212766,2.91E-07,2,0.003620171,14100,104000,426,855,MANAN TRIVEDI,ALAN LOWENTHAL
136,0.18,1.86E-06,2,0.044481054,96800,30000,5400,856,LOIS CAPPS,ANN KUSTER
137,0.043475177,2.84E-08,2,0.000397153,1530000,14100,613,856,LOUISE SLAUGHTER,MANAN TRIVEDI
138,0.000214592,1.92E-09,2,1.65E-05,112000,9320,2,856,ROB ZERBAN,RONALD BARBER
139,0.09266055,6.26E-07,3,0.04090725,148000,109000,10100,856,LOIS FRANKEL,SEAN MALONEY
140,0.000743655,1.57E-09,3,0.000337283,394000,475000,293,856,RAFAEL CRUZ,STEVEN KING
141,0.00028169,1.90E-09,3,8.50E-05,63900,148000,18,860,L. DUCKWORTH,DIANNE FEINSTEIN
142,0.219594595,4.40E-07,3,0.052888527,148000,499000,32500,861,LOIS FRANKEL,DEBBIE STABENOW
143,0.050202703,2.85E-07,3,0.023470323,148000,176000,7430,862,DIANNE FEINSTEIN,BERNARD SANDERS
144,0.136936937,6.55E-06,3,0.049868766,20900,11100,1520,864,KATHLEEN HOCHUL,DANIEL MAFFEI
145,0.003081967,2.80E-08,3,0.001100625,110000,61000,188,864,CHERI BUSTOS,JOSEPH DONNELLY
146,0.027038627,2.89E-08,3,0.000266647,936000,9320,252,866,PATRICK MURPHY,RONALD BARBER
147,0.287857143,9.47E-08,3,0.002634039,3040000,28000,8060,867,ELIZABETH WARREN,MICHAEL HONDA
148,0.000156495,1.35E-09,3,5.56E-05,116000,63900,10,869,ANN KIRKPATRICK,L. DUCKWORTH
149,0.190340909,5.52E-08,3,0.009324983,3450000,176000,33500,870,KEITH ELLISON,BERNARD SANDERS
150,0.000699588,2.45E-09,3,5.50E-05,24300,285000,17,871,ERNEST POWELL,CHRISTOPHER MURPHY
151,0.001073394,1.89E-09,3,0.000172596,109000,569000,117,871,SEAN MALONEY,DAVID GILL
152,0.019978632,3.69E-09,3,0.002950783,936000,5420000,18700,871,PATRICK MURPHY,NANCY PELOSI
153,0.001841831,8.11E-09,3,0.000548118,227000,96100,177,871,RICHARD NOLAN,SHELLEY BERKLEY
154,0.142700329,5.01E-07,3,0.035802809,285000,91100,13000,872,CHRISTOPHER MURPHY,JULIA BROWNLEY
155,0.597840756,4.21E-06,3,0.257857974,142000,74100,44300,875,MARK POCAN,CAROL SHEA-PORTER
156,0.33161157,6.65E-07,3,0.056945184,96800,499000,32100,875,LOIS CAPPS,DEBBIE STABENOW
157,0.114482759,7.48E-08,3,0.010009648,1530000,145000,16600,875,LOUISE SLAUGHTER,NITA LOWEY
158,0.046153846,1.10E-07,3,0.009244992,104000,420000,4800,876,ALAN LOWENTHAL,JOSE HERNANDEZ
159,0.00825,1.11E-07,3,0.003072704,44000,74500,363,879,BRADLEY SCHNEIDER,CLAIRE MCCASKILL
160,0.36695279,4.95E-06,3,0.002298542,74100,466,171,881,CAROL SHEA-PORTER,VALDEZ DEMINGS
161,0.009191176,1.90E-08,3,5.13E-05,2720,485000,25,882,PATRICK KREITLOW,JOE GARCIA
162,0.260330579,2.78E-07,3,0.030716724,936000,121000,31500,883,PATRICK MURPHY,DONNA EDWARDS
163,0.000321888,4.32E-09,3,3.58E-05,74500,9320,3,883,CLAIRE MCCASKILL,RONALD BARBER
164,0.688259109,6.26E-06,3,0.383170548,74100,110000,51000,884,CAROL SHEA-PORTER,CHERI BUSTOS
165,0.00114094,2.02E-09,3,0.000132726,566000,74500,85,886,G. FOSTER,CLAIRE MCCASKILL
166,0.003519231,6.18E-09,3,0.000544129,104000,569000,366,888,ALAN LOWENTHAL,DAVID GILL
167,5.13E-05,2.54E-10,3,4.51E-06,202000,19500,1,888,JAMES GRAVES,TIMOTHY KAINE
168,0.012875536,3.07E-08,3,1.43E-05,466,420000,6,894,VALDEZ DEMINGS,JOSE HERNANDEZ
169,0.000538462,1.28E-09,3,1.62E-05,13000,420000,7,894,ROBERT KERREY,JOSE HERNANDEZ
170,0.000521429,3.41E-10,3,0.00011232,1530000,420000,219,894,LOUISE SLAUGHTER,JOSE HERNANDEZ
171,0.04765,9.82E-08,3,0.014108695,200000,485000,9530,895,BETTY SUTTON,JOE GARCIA
172,0.001762376,3.04E-09,3,0.00045545,202000,580000,356,896,JAMES GRAVES,AMY KLOBUCHAR
173,0.005343511,1.87E-08,3,0.000234876,285000,13100,70,896,CHRISTOPHER MURPHY,CHRISTIE VILSACK
174,0.000277635,4.91E-10,3,0.000113102,389000,566000,108,896,HEIDI HEITKAMP,G. FOSTER
175,0.054151625,4.97E-07,3,0.000273913,554,109000,30,896,AMERISH BERA,SEAN MALONEY
176,0.000588235,2.81E-08,3,0.000192963,10200,20900,6,897,SHELLI YODER,KATHLEEN HOCHUL
177,0.004081818,2.24E-08,3,0.001540039,110000,182000,449,897,CHERI BUSTOS,RICHARD CARMONA
178,0.274545455,2.37E-06,3,0.154239019,116000,110000,30200,899,ANN KIRKPATRICK,CHERI BUSTOS
179,0.002145923,1.03E-07,3,4.68E-05,466,20900,1,899,VALDEZ DEMINGS,KATHLEEN HOCHUL
180,0.139072848,1.34E-06,3,0.069230769,104000,90600,12600,899,ALAN LOWENTHAL,MARK TAKANO
181,0.453441296,3.75E-06,3,0.208049536,74100,121000,33600,901,CAROL SHEA-PORTER,DONNA EDWARDS
182,0.008934426,5.84E-09,3,0.000342669,1530000,61000,545,901,LOUISE SLAUGHTER,JOSEPH DONNELLY
183,0.006568627,3.61E-08,3,0.000348717,10200,182000,67,902,SHELLI YODER,RICHARD CARMONA
184,0.00442623,7.63E-09,3,0.000421394,61000,580000,270,903,JOSEPH DONNELLY,AMY KLOBUCHAR
185,0.262727273,2.81E-07,3,0.028414119,110000,936000,28900,905,CHERI BUSTOS,PATRICK MURPHY
186,0.04265625,1.40E-08,3,0.016789324,3040000,1920000,81900,905,ELIZABETH WARREN,SCOTT BROWN
187,0.056330275,1.45E-07,3,0.012483227,389000,109000,6140,905,HEIDI HEITKAMP,SEAN MALONEY
188,0.143798024,7.19E-07,3,0.047122302,91100,200000,13100,908,JULIA BROWNLEY,BETTY SUTTON
189,7.69E-05,5.46E-09,4,3.69E-05,14100,13000,1,908,MANAN TRIVEDI,ROBERT KERREY
190,0.081151832,3.88E-06,4,0.040312094,20900,19100,1550,908,KATHLEEN HOCHUL,WILLIAM ENYART
191,0.223863636,6.29E-07,4,0.07998376,356000,176000,39400,909,SHELDON WHITEHOUSE,BERNARD SANDERS
192,0.010714286,4.37E-08,4,0.000688021,16800,245000,180,909,JOE MIKLOSI,MARIA CANTWELL
193,0.017730496,7.24E-08,4,0.00096581,14100,245000,250,909,MANAN TRIVEDI,MARIA CANTWELL
194,0.402527076,3.87E-06,4,0.002137428,554,104000,223,910,AMERISH BERA,ALAN LOWENTHAL
195,0.000212766,1.09E-08,4,8.93E-05,19500,14100,3,911,TIMOTHY KAINE,MANAN TRIVEDI
196,0.006617647,2.23E-08,4,6.01E-05,297000,2720,18,912,MARTIN HEINRICH,PATRICK KREITLOW
197,0.333677686,1.12E-06,4,0.089349931,297000,96800,32300,913,MARTIN HEINRICH,LOIS CAPPS
198,0.001333333,3.17E-09,4,5.92E-05,19500,420000,26,914,TIMOTHY KAINE,JOSE HERNANDEZ
199,0.1125,2.25E-07,4,0.033259424,499000,200000,22500,917,DEBBIE STABENOW,BETTY SUTTON
200,0.004714829,1.55E-09,4,0.000375557,3040000,263000,1240,918,ELIZABETH WARREN,WILLIAM OWENS
201,0.007472527,3.05E-08,4,0.003195188,182000,245000,1360,920,RICHARD CARMONA,MARIA CANTWELL
202,0.408906883,3.93E-06,4,0.205006766,104000,74100,30300,922,ALAN LOWENTHAL,CAROL SHEA-PORTER
203,0.000238095,1.22E-08,4,0.000110205,19500,16800,4,922,TIMOTHY KAINE,JOE MIKLOSI
204,0.022094595,5.59E-08,4,0.006058585,395000,148000,3270,925,JON TESTER,LOIS FRANKEL
205,0.048942308,1.61E-08,4,0.001621582,3040000,104000,5090,926,ELIZABETH WARREN,ALAN LOWENTHAL
206,0.000153846,9.16E-09,4,6.71E-05,16800,13000,2,926,JOE MIKLOSI,ROBERT KERREY
207,0.416746411,2.87E-06,4,0.05541065,145000,20900,8710,927,NITA LOWEY,KATHLEEN HOCHUL
208,0.014128035,8.03E-08,4,0.004824363,176000,90600,1280,927,BERNARD SANDERS,MARK TAKANO
209,0.083940621,5.49E-08,4,0.003892658,1530000,74100,6220,930,LOUISE SLAUGHTER,CAROL SHEA-PORTER
210,7.82E-05,2.27E-11,4,1.42E-06,63900,3450000,5,930,L. DUCKWORTH,KEITH ELLISON
211,0.028587196,5.89E-08,4,0.004519991,485000,90600,2590,931,JOE GARCIA,MARK TAKANO
212,0.501103753,3.00E-06,4,0.213949105,167000,90600,45400,936,KYRSTEN SINEMA,MARK TAKANO
213,0.099666667,7.02E-07,4,0.017691261,142000,30000,2990,937,MARK POCAN,ANN KUSTER
214,0.060961538,6.51E-08,4,0.006133545,104000,936000,6340,942,ALAN LOWENTHAL,PATRICK MURPHY
215,0.367325702,3.79E-06,4,0.223984772,96800,96100,35300,944,LOIS CAPPS,SHELLEY BERKLEY
216,0.245945946,8.63E-07,4,0.091780131,148000,285000,36400,948,DIANNE FEINSTEIN,CHRISTOPHER MURPHY
217,0.000429185,3.09E-09,4,2.70E-05,139000,9320,4,952,MAZIE HIRONO,RONALD BARBER
218,0.021157895,3.90E-09,4,0.001058086,285000,5420000,6030,953,CHRISTOPHER MURPHY,NANCY PELOSI
219,0.071770335,6.58E-07,4,0.011682243,109000,20900,1500,954,SEAN MALONEY,KATHLEEN HOCHUL
220,0.022261905,1.46E-08,4,0.000241848,1530000,16800,374,955,LOUISE SLAUGHTER,JOE MIKLOSI
221,1.58836689,5.22E-07,4,0.255671588,3040000,447000,710000,957,ELIZABETH WARREN,BARBARA LEE
222,0.262809917,8.85E-07,4,0.082340756,297000,121000,31800,957,MARTIN HEINRICH,DONNA EDWARDS
223,0.00027451,6.03E-10,4,1.46E-05,455000,25500,7,958,TAMMY BALDWIN,SALVATORE PACE
224,0.010729614,6.39E-07,4,0.00028967,16800,466,5,958,JOE MIKLOSI,VALDEZ DEMINGS
225,0.098333333,1.81E-08,4,0.000541578,5420000,30000,2950,959,NANCY PELOSI,ANN KUSTER
226,0.177704194,8.89E-07,4,0.058652095,200000,90600,16100,960,BETTY SUTTON,MARK TAKANO
227,0.027155172,1.95E-07,4,0.012507445,139000,116000,3150,961,MAZIE HIRONO,ANN KIRKPATRICK
228,0.036283784,1.04E-07,4,0.010922848,148000,349000,5370,961,LOIS FRANKEL,KIRSTEN GILLIBRAND
229,0.014405941,2.89E-08,4,0.004168517,202000,499000,2910,965,JAMES GRAVES,DEBBIE STABENOW
230,0.006437768,5.75E-08,4,2.67E-05,466,112000,3,966,VALDEZ DEMINGS,ROB ZERBAN
231,0.104712042,2.65E-07,4,0.004853191,395000,19100,2000,966,JON TESTER,WILLIAM ENYART
232,0.103087248,9.46E-07,4,0.043681037,109000,74500,7680,969,SEAN MALONEY,CLAIRE MCCASKILL
233,1.56E-05,1.73E-10,4,6.47E-06,63900,90600,1,969,L. DUCKWORTH,MARK TAKANO
234,0.000486239,2.41E-09,4,0.000170447,109000,202000,53,974,SEAN MALONEY,JAMES GRAVES
235,0.165454545,8.27E-07,4,0.062371487,110000,200000,18200,976,CHERI BUSTOS,BETTY SUTTON
236,0.059694656,1.53E-07,4,0.001948579,389000,13100,782,976,HEIDI HEITKAMP,CHRISTIE VILSACK
237,0.003308824,3.65E-08,4,9.65E-05,2720,90600,9,977,PATRICK KREITLOW,MARK TAKANO
238,0.000692308,9.34E-09,4,0.00010334,74100,13000,9,977,CAROL SHEA-PORTER,ROBERT KERREY
239,0.108376963,3.11E-07,4,0.005655274,349000,19100,2070,977,KIRSTEN GILLIBRAND,WILLIAM ENYART
240,0.096333333,9.26E-07,4,0.02204256,104000,30000,2890,981,ALAN LOWENTHAL,ANN KUSTER
241,0.258522727,4.46E-07,4,0.064039409,580000,176000,45500,981,AMY KLOBUCHAR,BERNARD SANDERS
242,0.041077441,8.47E-08,4,0.015848272,297000,485000,12200,983,MARTIN HEINRICH,JOE GARCIA
243,0.286,1.93E-06,4,0.050643372,148000,30000,8580,984,DIANNE FEINSTEIN,ANN KUSTER
244,0.318051576,8.05E-07,4,0.17535545,395000,349000,111000,985,JON TESTER,KIRSTEN GILLIBRAND
245,0.055870445,2.28E-07,4,0.013144526,245000,74100,4140,987,MARIA CANTWELL,CAROL SHEA-PORTER
246,0.032951289,5.79E-08,4,0.012686156,569000,349000,11500,987,DAVID GILL,KIRSTEN GILLIBRAND
247,0.301444043,1.33E-06,4,0.000734431,554,227000,167,987,AMERISH BERA,RICHARD NOLAN
248,0.375454545,9.51E-07,4,0.089066207,110000,395000,41300,988,CHERI BUSTOS,JON TESTER
249,4.194244604,1.22E-06,4,0.193945442,139000,3450000,583000,988,MAZIE HIRONO,KEITH ELLISON
250,0.063683663,4.48E-07,4,0.026381585,142000,96100,6120,988,MARK POCAN,SHELLEY BERKLEY
251,0.001244019,2.19E-09,4,4.41E-05,569000,20900,26,990,DAVID GILL,KATHLEEN HOCHUL
252,0.642567568,2.16E-06,4,0.271791941,148000,297000,95100,990,DIANNE FEINSTEIN,MARTIN HEINRICH
253,0.395454545,7.92E-07,4,0.076923077,110000,499000,43500,992,CHERI BUSTOS,DEBBIE STABENOW
254,0.005175258,9.10E-09,4,0.002387089,569000,485000,2510,997,DAVID GILL,JOE GARCIA
255,5.589928058,1.03E-06,4,0.162484316,139000,5420000,777000,997,MAZIE HIRONO,NANCY PELOSI
256,0.218855219,6.15E-07,4,0.110544218,297000,356000,65000,997,MARTIN HEINRICH,SHELDON WHITEHOUSE
257,0.085185185,5.57E-08,4,0.014042293,1530000,297000,25300,998,LOUISE SLAUGHTER,MARTIN HEINRICH
258,0.058990826,1.99E-07,4,0.016092299,297000,109000,6430,1000,MARTIN HEINRICH,SEAN MALONEY
259,1.012068966,1.08E-06,4,0.631862217,580000,936000,587000,1001,AMY KLOBUCHAR,PATRICK MURPHY
260,0.168421053,1.15E-06,4,0.021544865,146000,20900,3520,1003,RAUL GRIJALVA,KATHLEEN HOCHUL
261,0.545064378,3.68E-06,4,0.001713761,148000,466,254,1003,LOIS FRANKEL,VALDEZ DEMINGS
262,0.004784689,3.23E-08,4,0.000592417,148000,20900,100,1004,LOIS FRANKEL,KATHLEEN HOCHUL
263,9.80E-05,4.85E-10,4,4.71E-06,202000,10200,1,1005,JAMES GRAVES,SHELLI YODER
264,0.031369048,1.57E-07,4,0.002436735,16800,200000,527,1006,JOE MIKLOSI,BETTY SUTTON
265,0.268067227,5.89E-07,4,0.058845232,119000,455000,31900,1007,JANICE HAHN,TAMMY BALDWIN
266,0.002101322,7.08E-09,4,0.000911135,297000,227000,477,1008,MARTIN HEINRICH,RICHARD NOLAN
267,0.942760943,1.63E-06,4,0.469011725,297000,580000,280000,1010,MARTIN HEINRICH,AMY KLOBUCHAR
268,0.001805054,8.64E-08,4,4.66E-05,554,20900,1,1011,AMERISH BERA,KATHLEEN HOCHUL